{
  "project_info": {
    "project_number": "394795736581",
    "project_id": "keaproyect-project",
    "storage_bucket": "keaproyect-project.appspot.com"
  },
  "client": [
    {
      "client_info": {
        "mobilesdk_app_id": "1:394795736581:android:dda0efce8cbc7f9b94066c",
        "android_client_info": {
          "package_name": "com.adgonu.keaproblems"
        }
      },
      "oauth_client": [
        {
          "client_id": "394795736581-trpeamdvpb20c7k1qf6ba2addollvh87.apps.googleusercontent.com",
          "client_type": 3
        }
      ],
      "api_key": [
        {
          "current_key": "AIzaSyCX5VS66SDChafy3JtUlFuf8k8rkyRfytM"
        }
      ],
      "services": {
        "appinvite_service": {
          "other_platform_oauth_client": [
            {
              "client_id": "394795736581-trpeamdvpb20c7k1qf6ba2addollvh87.apps.googleusercontent.com",
              "client_type": 3
            }
          ]
        }
      }
    }
  ],
  "configuration_version": "1"
}